GAUL_CODE,A.global.map.of.travel.time.to.cities.to.assess.inequalities.in.accessibility.in.2015,All.cause.fever,Artemisinin.based.combination.therapy..ACT..coverage,Duffy.Negativity.Phenotype.Frequency,G6PD.Deficiency.Allele.Frequency,HbS..Sickle.Haemoglobin..Allele.Frequency,Indoor.residual.spraying..IRS..coverage,Insecticide.treated.bednet..ITN..coverage,Malaria.attributable.fever.as.a.proportion.of.all.cause.fever,Malaria.attributable.fever.as.a.proportion.of.malaria.positive.fever,Malaria.positive.fever.as.a.proportion.of.all.cause.fever,Non.malarial.fever,Plasmodium.falciparum.Incidence,Plasmodium.falciparum.PR2.10,Plasmodium.falciparum.Support,Plasmodium.falciparum.Temperature.Suitability,Plasmodium.vivax.Endemicity,Plasmodium.vivax.Relapse,Plasmodium.vivax.Support,Plasmodium.vivax.Temperature.Suitability,COUNTRY_ID.y,name
2,1,0,0,1,1,1,0,0,0,0,0,0,0,0,1,1,1,1,1,1,CHN,Aksai Chin
3,1,0,0,1,0,1,0,0,0,0,0,0,0,0,1,1,0,1,1,1,ALB,Albania
4,1,0,1,1,1,1,1,1,0,0,0,0,0,0,1,1,1,1,1,1,DZA,Algeria
5,1,0,0,1,0,1,0,0,0,0,0,0,0,0,1,1,0,0,1,1,ASM,American Samoa
7,1,0,0,1,0,1,0,0,0,0,0,0,0,0,1,1,0,1,1,1,AND,Andorra
8,1,1,1,1,1,1,1,1,1,1,1,1,1,1,1,1,1,1,1,1,AGO,Angola
9,1,0,0,1,0,1,0,0,0,0,0,0,0,0,1,1,0,1,1,1,AIA,Anguilla
11,1,0,0,1,0,1,0,0,0,0,0,0,0,0,1,1,0,1,1,1,ATG,Antigua and Barbuda
12,1,0,0,1,1,1,0,0,0,0,0,0,0,0,1,1,1,1,1,1,ARG,Argentina
13,1,0,0,1,1,1,0,0,0,0,0,0,0,0,1,1,1,1,1,1,ARM,Armenia
14,1,0,0,1,0,1,0,0,0,0,0,0,0,0,1,1,0,1,1,1,ABW,Aruba
15,1,0,0,1,1,1,0,0,0,0,0,0,0,0,1,1,1,1,1,1,IND,Arunachal Pradesh
16,1,1,1,1,1,1,1,1,1,1,1,1,1,1,1,1,1,0,1,1,XXX,Ashmore and Cartier Islands
17,1,1,1,1,1,1,1,1,1,1,1,1,1,1,1,1,1,1,1,1,AUS,Australia
18,1,0,0,1,0,1,0,0,0,0,0,0,0,0,1,1,0,1,1,1,AUT,Austria
19,1,0,0,1,1,1,0,0,0,0,0,0,0,0,1,1,1,1,1,1,AZE,Azerbaijan
20,1,1,1,1,1,1,1,1,1,1,1,1,1,1,1,1,1,1,1,1,BHS,Bahamas
21,1,0,0,1,0,1,0,0,0,0,0,0,0,0,1,1,0,1,1,1,BHR,Bahrain
23,1,1,1,1,1,1,1,1,1,1,1,1,1,1,1,1,1,1,1,1,BGD,Bangladesh
24,1,0,0,1,1,1,0,0,0,0,0,0,0,0,1,1,1,1,1,1,BRB,Barbados
26,1,0,0,1,0,1,0,0,0,0,0,0,0,0,1,1,0,1,1,1,BLR,Belarus
27,1,0,0,1,0,1,0,0,0,0,0,0,0,0,1,1,0,1,1,1,BEL,Belgium
28,1,0,0,1,1,1,0,0,0,0,0,0,0,0,1,1,1,1,1,1,BLZ,Belize
29,1,1,1,1,1,1,1,1,1,1,1,1,1,1,1,1,1,1,1,1,BEN,Benin
30,1,0,0,1,0,1,0,0,0,0,0,0,0,0,1,1,0,0,1,1,BMU,Bermuda
31,1,0,0,1,1,1,0,0,0,0,0,0,0,0,1,1,1,1,1,1,BTN,Bhutan
32,1,0,0,1,0,1,0,0,0,0,0,0,0,0,1,1,0,0,1,1,XXX,Bird Island
33,1,0,0,1,1,1,0,0,0,0,0,0,0,0,1,1,1,1,1,1,BOL,Bolivia
34,1,0,0,1,0,1,0,0,0,0,0,0,0,0,1,1,0,1,1,1,BIH,Bosnia and Herzegovina
35,1,1,1,1,1,1,1,1,1,1,1,1,1,1,1,1,1,1,1,1,BWA,Botswana
36,1,0,0,1,0,1,0,0,0,0,0,0,0,0,1,1,0,0,1,1,BVT,Bouvet Island
37,1,0,0,1,1,1,0,0,0,0,0,0,0,0,1,1,1,1,1,1,BRA,Brazil
38,1,1,1,1,1,1,1,1,1,1,1,1,1,1,1,1,1,1,1,1,IOT,British Indian Ocean Territory
39,1,0,0,1,0,1,0,0,0,0,0,0,0,0,1,1,0,1,1,1,VGB,British Virgin Islands
40,1,0,0,1,1,1,0,0,0,0,0,0,0,0,1,1,1,1,1,1,BRN,Brunei Darussalam
41,1,0,0,1,1,1,0,0,0,0,0,0,0,0,1,1,1,1,1,1,BGR,Bulgaria
42,1,1,1,1,1,1,1,1,1,1,1,1,1,1,1,1,1,1,1,1,BFA,Burkina Faso
43,1,1,1,1,1,1,1,1,1,1,1,1,1,1,1,1,1,1,1,1,BDI,Burundi
44,1,1,1,1,1,1,1,1,1,1,1,1,1,1,1,1,1,1,1,1,KHM,Cambodia
45,1,1,1,1,1,1,1,1,1,1,1,1,1,1,1,1,1,1,1,1,CMR,Cameroon
46,1,1,1,1,1,1,1,1,1,1,1,1,1,1,1,1,1,1,1,1,CAN,Canada
47,1,0,0,1,1,1,0,0,0,0,0,0,0,0,1,1,0,0,1,1,CPV,Cape Verde
48,1,1,1,1,1,1,1,1,1,1,1,1,1,1,1,1,1,1,1,1,CYM,Cayman Islands
49,1,1,1,1,1,1,1,1,1,1,1,1,1,1,1,1,1,1,1,1,CAF,Central African Republic
50,1,1,1,1,1,1,1,1,1,1,1,1,1,1,1,1,1,1,1,1,TCD,Chad
51,1,1,1,1,1,1,1,1,1,1,1,1,1,1,1,1,1,1,1,1,CHL,Chile
52,1,1,1,1,1,1,1,1,1,1,1,1,1,1,1,1,1,1,1,1,CHN,China/India
53,1,0,0,1,1,1,0,0,0,0,0,0,0,0,1,1,1,1,1,1,CHN,China
54,1,0,0,1,0,1,0,0,0,0,0,0,0,0,1,1,0,1,1,1,CXR,Christmas Island
55,1,0,0,1,0,1,0,0,0,0,0,0,0,0,1,1,0,0,1,1,XXX,Clipperton Island
56,1,0,0,1,1,1,0,0,0,0,0,0,0,0,1,1,1,1,1,1,CCK,Cocos (Keeling) Islands
57,1,0,0,1,1,1,0,0,0,0,0,0,0,0,1,1,1,1,1,1,COL,Colombia
58,1,0,1,1,1,1,1,1,0,0,0,0,1,1,1,1,1,1,1,1,COM,Comoros
59,1,1,1,1,1,1,1,1,1,1,1,1,1,1,1,1,1,1,1,1,COG,Congo
60,1,0,0,1,1,1,0,0,0,0,0,0,0,0,1,1,1,1,1,1,COK,Cook Islands
61,1,1,1,1,1,1,1,1,1,1,1,1,1,1,1,1,1,1,1,1,CRI,Costa Rica
62,1,0,0,1,1,1,0,0,0,0,0,0,0,0,1,1,1,1,1,1,HRV,Croatia
63,1,0,0,1,1,1,0,0,0,0,0,0,0,0,1,1,1,1,1,1,CUB,Cuba
64,1,1,1,1,1,1,1,1,1,1,1,1,1,1,1,1,1,1,1,1,CYP,Cyprus
65,1,0,0,1,1,1,0,0,0,0,0,0,0,0,1,1,1,1,1,1,CZE,Czech Republic
66,1,1,1,1,1,1,1,1,1,1,1,1,1,1,1,1,1,1,1,1,CIV,Côte d'Ivoire
67,1,0,0,1,1,1,0,0,0,0,0,0,0,0,1,1,1,1,1,1,PRK,Dem People's Rep of Korea
68,1,1,1,1,1,1,1,1,1,1,1,1,1,1,1,1,1,1,1,1,COD,Democratic Republic of the Congo
69,1,0,0,1,1,1,0,0,0,0,0,0,0,0,1,1,1,1,1,1,DNK,Denmark
70,1,1,1,1,1,1,1,1,1,1,1,1,1,1,1,1,1,1,1,1,DJI,Djibouti
71,1,0,0,1,0,1,0,0,0,0,0,0,0,0,1,1,0,1,1,1,DMA,Dominica
72,1,0,0,1,1,1,0,0,0,0,0,0,0,0,1,1,0,1,1,1,DOM,Dominican Republic
73,1,1,1,1,1,1,1,1,1,1,1,1,1,1,1,1,1,1,1,1,ECU,Ecuador
74,1,1,1,1,1,1,1,1,1,1,1,1,1,1,1,1,1,1,1,1,SSD,South Sudan
75,1,0,0,1,1,1,0,0,0,0,0,0,0,0,1,1,1,1,1,1,SLV,El Salvador
76,1,1,1,1,1,1,1,1,1,1,1,1,1,1,1,1,1,1,1,1,GNQ,Equatorial Guinea
77,1,1,1,1,1,1,1,1,1,1,1,1,1,1,1,1,1,1,1,1,ERI,Eritrea
78,1,1,1,1,1,1,1,1,1,1,1,1,1,1,1,1,1,1,1,1,EST,Estonia
79,1,1,1,1,1,1,1,1,1,1,1,1,1,1,1,1,1,1,1,1,ETH,Ethiopia
80,1,1,1,1,1,1,1,1,1,1,1,1,1,1,1,1,1,1,1,1,XXX,Europa Island
81,1,0,0,1,0,1,0,0,0,0,0,0,0,0,1,1,0,1,1,1,FLK,Falkland Islands (Malvinas)
82,1,0,0,1,1,1,0,0,0,0,0,0,0,0,1,1,1,1,1,1,FRO,Faroe Islands
83,1,1,1,1,1,1,1,1,1,1,1,1,1,1,1,1,1,1,1,1,FJI,Fiji
84,1,0,0,1,1,1,0,0,0,0,0,0,0,0,1,1,1,1,1,1,FIN,Finland
85,1,0,0,1,0,1,0,0,0,0,0,0,0,0,1,1,0,1,1,1,FRA,France
86,1,1,1,1,1,1,1,1,1,1,1,1,1,1,1,1,1,1,1,1,GUF,French Guiana
87,1,0,0,1,1,1,0,0,0,0,0,0,0,0,1,1,1,1,1,1,PYF,French Polynesia
88,1,0,0,1,0,1,0,0,0,0,0,0,0,0,1,1,0,0,1,1,ATF,French Southern and Antarctic Territories
89,1,1,1,1,1,1,1,1,1,1,1,1,1,1,1,1,1,1,1,1,GAB,Gabon
90,1,1,1,1,1,1,1,1,1,1,1,1,1,1,1,1,1,1,1,1,GMB,Gambia
91,1,0,1,1,0,1,1,1,0,0,0,0,0,0,1,1,0,1,1,1,XXX,Gaza Strip
92,1,0,0,1,1,1,0,0,0,0,0,0,0,0,1,1,1,1,1,1,GEO,Georgia
93,1,0,0,1,0,1,0,0,0,0,0,0,0,0,1,1,0,1,1,1,DEU,Germany
94,1,1,1,1,1,1,1,1,1,1,1,1,1,1,1,1,1,1,1,1,GHA,Ghana
95,1,1,1,1,1,1,1,1,1,1,1,1,1,1,1,1,1,1,1,1,GIB,Gibraltar
96,1,0,0,1,1,1,0,0,0,0,0,0,0,0,1,1,1,1,1,1,XXX,Glorioso Island
97,1,0,0,1,1,1,0,0,0,0,0,0,0,0,1,1,1,1,1,1,GRC,Greece
98,1,0,0,1,0,1,0,0,0,0,0,0,0,0,1,1,0,0,1,1,GRL,Greenland
99,1,1,1,1,1,1,1,1,1,1,1,1,1,1,1,1,1,1,1,1,GRD,Grenada
100,1,1,1,1,1,1,1,1,1,1,1,1,1,1,1,1,1,1,1,1,GLP,Guadeloupe
101,1,0,0,1,0,1,0,0,0,0,0,0,0,0,1,1,0,0,1,1,GUM,Guam
102,1,0,0,1,1,1,0,0,0,0,0,0,0,0,1,1,1,0,1,1,SDN,Abyei
103,1,0,0,1,1,1,0,0,0,0,0,0,0,0,1,1,1,1,1,1,GTM,Guatemala
104,1,0,0,1,1,1,0,0,0,0,0,0,0,0,1,1,1,1,1,1,GGY,Guernsey
105,1,1,1,1,1,1,1,1,1,1,1,1,1,1,1,1,1,1,1,1,GNB,Guinea-Bissau
106,1,1,1,1,1,1,1,1,1,1,1,1,1,1,1,1,1,1,1,1,GIN,Guinea
107,1,0,0,1,1,1,0,0,0,0,0,0,0,0,1,1,1,1,1,1,GUY,Guyana
108,1,0,0,1,1,1,0,0,0,0,0,0,0,0,1,1,0,1,1,1,HTI,Haiti
109,1,0,0,1,0,1,0,0,0,0,0,0,0,0,1,1,0,0,1,1,HMD,Heard Island and McDonald Islands
110,1,1,1,1,1,1,1,1,1,1,1,1,1,1,1,1,1,1,1,1,VAT,Holy See
111,1,0,0,1,1,1,0,0,0,0,0,0,0,0,1,1,1,1,1,1,HND,Honduras
112,1,0,0,1,1,1,0,0,0,0,0,0,0,0,1,1,1,1,1,1,XXX,Howland Island
113,1,0,0,1,0,1,0,0,0,0,0,0,0,0,1,1,0,1,1,1,HUN,Hungary
114,1,0,0,1,0,1,0,0,0,0,0,0,0,0,1,1,0,0,1,1,ISL,Iceland
115,1,1,1,1,1,1,1,1,1,1,1,1,1,1,1,1,1,1,1,1,IND,India
117,1,0,0,1,1,1,0,0,0,0,0,0,0,0,1,1,1,1,1,1,IRN,Iran  (Islamic Republic of)
118,1,0,0,1,1,1,0,0,0,0,0,0,0,0,1,1,1,1,1,1,IRQ,Iraq
119,1,0,0,1,1,1,0,0,0,0,0,0,0,0,1,1,1,1,1,1,IRL,Ireland
120,1,0,0,1,1,1,0,0,0,0,0,0,0,0,1,1,1,1,1,1,IMN,Isle of Man
121,1,0,1,1,1,1,1,1,0,0,0,0,0,0,1,1,1,1,1,1,ISR,Israel
122,1,0,0,1,1,1,0,0,0,0,0,0,0,0,1,1,1,1,1,1,ITA,Italy
123,1,0,0,1,1,1,0,0,0,0,0,0,0,0,1,1,1,1,1,1,JAM,Jamaica
126,1,0,0,1,0,1,0,0,0,0,0,0,0,0,1,1,0,1,1,1,JPN,Japan
127,1,0,0,1,0,1,0,0,0,0,0,0,0,0,1,1,0,1,1,1,XXX,Jarvis Island
128,1,0,1,1,1,1,1,1,0,0,0,0,0,0,1,1,1,1,1,1,JEY,Jersey
129,1,0,0,1,0,1,0,0,0,0,0,0,0,0,1,1,0,1,1,1,JTN,Johnston Atoll
130,1,0,0,1,1,1,0,0,0,0,0,0,0,0,1,1,1,1,1,1,JOR,Jordan
131,1,0,0,1,1,1,0,0,0,0,0,0,0,0,1,1,1,1,1,1,XXX,Juan de Nova Island
132,1,0,0,1,1,1,0,0,0,0,0,0,0,0,1,1,1,1,1,1,KAZ,Kazakhstan
133,1,1,1,1,1,1,1,1,1,1,1,1,1,1,1,1,1,1,1,1,KEN,Kenya
134,1,0,0,1,1,1,0,0,0,0,0,0,0,0,1,1,1,1,1,1,XXX,Kingman Reef
135,1,0,0,1,0,1,0,0,0,0,0,0,0,0,1,1,0,1,1,1,KIR,Kiribati
136,1,0,0,1,0,1,0,0,0,0,0,0,0,0,1,1,0,0,1,1,XXX,Kuril islands
137,1,0,0,1,1,1,0,0,0,0,0,0,0,0,1,1,1,1,1,1,KWT,Kuwait
138,1,0,0,1,1,1,0,0,0,0,0,0,0,0,1,1,1,1,1,1,KGZ,Kyrgyzstan
139,1,0,0,1,1,1,0,0,0,0,0,0,0,0,1,1,1,1,1,1,LAO,Lao People's Democratic Republic
140,1,0,0,1,0,1,0,0,0,0,0,0,0,0,1,1,0,1,1,1,LVA,Latvia
141,1,0,0,1,0,1,0,0,0,0,0,0,0,0,1,1,0,1,1,1,LBN,Lebanon
142,1,0,1,1,1,1,1,1,0,0,0,0,0,0,1,1,1,1,1,1,LSO,Lesotho
144,1,1,1,1,1,1,1,1,1,1,1,1,1,1,1,1,1,1,1,1,LBR,Liberia
145,1,0,1,1,1,1,1,1,0,0,0,0,0,0,1,1,1,1,1,1,LBY,Libya
146,1,0,0,1,1,1,0,0,0,0,0,0,0,0,1,1,1,1,1,1,LIE,Liechtenstein
147,1,0,0,1,1,1,0,0,0,0,0,0,0,0,1,1,1,1,1,1,LTU,Lithuania
148,1,1,1,1,1,1,1,1,1,1,1,1,1,1,1,1,1,1,1,1,LUX,Luxembourg
149,1,0,0,1,0,1,0,0,0,0,0,0,0,0,1,1,0,1,1,1,MAC,Macau
150,1,1,1,1,1,1,1,1,1,1,1,1,1,1,1,1,1,1,1,1,MDG,Madagascar
151,1,1,1,1,1,1,1,1,1,1,1,1,1,1,1,1,1,1,1,1,XXX,Madeira Islands
152,1,1,1,1,1,1,1,1,1,1,1,1,1,1,1,1,1,1,1,1,MWI,Malawi
153,1,0,0,1,1,1,0,0,0,0,0,0,0,0,1,1,1,1,1,1,MYS,Malaysia
154,1,0,0,1,1,1,0,0,0,0,0,0,0,0,1,1,1,1,1,1,MDV,Maldives
155,1,1,1,1,1,1,1,1,1,1,1,1,1,1,1,1,1,1,1,1,MLI,Mali
156,1,0,0,1,0,1,0,0,0,0,0,0,0,0,1,1,0,1,1,1,MLT,Malta
157,1,1,1,1,1,1,1,1,1,1,1,1,1,1,1,1,1,1,1,1,MHL,Marshall Islands
158,1,0,0,1,1,1,0,0,0,0,0,0,0,0,1,1,1,1,1,1,MTQ,Martinique
159,1,1,1,1,1,1,1,1,1,1,1,1,1,1,1,1,1,1,1,1,MRT,Mauritania
160,1,0,0,1,1,1,0,0,0,0,0,0,0,0,1,1,1,1,1,1,MUS,Mauritius
161,1,0,1,1,1,1,1,1,0,0,0,0,1,1,1,1,1,1,1,1,MYT,Mayotte
163,1,0,0,1,0,1,0,0,0,0,0,0,0,0,1,1,0,1,1,1,FSM,Micronesia (Federated States of)
164,1,0,0,1,1,1,0,0,0,0,0,0,0,0,1,1,1,0,1,1,MID,Midway Island
165,1,0,0,1,0,1,0,0,0,0,0,0,0,0,1,1,0,1,1,1,MDA,"Moldova, Republic of"
166,1,0,0,1,1,1,0,0,0,0,0,0,0,0,1,1,1,1,1,1,MCO,Monaco
167,1,0,0,1,1,1,0,0,0,0,0,0,0,0,1,1,1,1,1,1,MNG,Mongolia
168,1,0,0,1,0,1,0,0,0,0,0,0,0,0,1,1,0,1,1,1,MSR,Montserrat
169,1,0,1,1,0,1,1,1,0,0,0,0,0,0,1,1,0,1,1,1,MAR,Morocco
170,1,1,1,1,1,1,1,1,1,1,1,1,1,1,1,1,1,1,1,1,MOZ,Mozambique
172,1,1,1,1,1,1,1,1,1,1,1,1,1,1,1,1,1,1,1,1,NAM,Namibia
173,1,0,0,1,1,1,0,0,0,0,0,0,0,0,1,1,1,1,1,1,NRU,Nauru
174,1,0,0,1,0,1,0,0,0,0,0,0,0,0,1,1,0,1,1,1,XXX,Navassa Island
175,1,1,1,1,1,1,1,1,1,1,1,1,1,1,1,1,1,1,1,1,NPL,Nepal
176,1,0,0,1,0,1,0,0,0,0,0,0,0,0,1,1,0,1,1,1,ANT,Netherlands Antilles
177,1,0,0,1,0,1,0,0,0,0,0,0,0,0,1,1,0,1,1,1,NLD,Netherlands
178,1,0,0,1,0,1,0,0,0,0,0,0,0,0,1,1,0,0,1,1,NCL,New Caledonia
179,1,0,0,1,0,1,0,0,0,0,0,0,0,0,1,1,0,0,1,1,NZL,New Zealand
180,1,0,0,1,1,1,0,0,0,0,0,0,0,0,1,1,1,1,1,1,NIC,Nicaragua
181,1,1,1,1,1,1,1,1,1,1,1,1,1,1,1,1,1,1,1,1,NER,Niger
182,1,1,1,1,1,1,1,1,1,1,1,1,1,1,1,1,1,1,1,1,NGA,Nigeria
183,1,1,1,1,1,1,1,1,1,1,1,1,1,1,1,1,1,1,1,1,NIU,Niue
184,1,0,0,1,1,1,0,0,0,0,0,0,0,0,1,1,1,1,1,1,NFK,Norfolk Island
185,1,0,0,1,1,1,0,0,0,0,0,0,0,0,1,1,1,1,1,1,MNP,Northern Mariana Islands
186,1,0,1,1,1,1,1,1,0,0,0,0,0,0,1,1,1,1,1,1,NOR,Norway
187,1,1,1,1,1,1,1,1,1,1,1,1,1,1,1,1,1,1,1,1,OMN,Oman
188,1,0,0,1,1,1,0,0,0,0,0,0,0,0,1,1,1,1,1,1,PAK,Pakistan
189,1,1,1,1,1,1,1,1,1,1,1,1,1,1,1,1,1,1,1,1,PLW,Palau
190,1,0,0,1,0,1,0,0,0,0,0,0,0,0,1,1,0,1,1,1,XXX,Palmyra Atoll
191,1,0,0,1,1,1,0,0,0,0,0,0,0,0,1,1,1,1,1,1,PAN,Panama
193,1,0,0,1,0,1,0,0,0,0,0,0,0,0,1,1,0,1,1,1,XXX,Paracel Islands
194,1,0,0,1,1,1,0,0,0,0,0,0,0,0,1,1,1,1,1,1,PRY,Paraguay
196,1,0,0,1,1,1,0,0,0,0,0,0,0,0,1,1,1,1,1,1,PHL,Philippines
197,1,0,0,1,1,1,0,0,0,0,0,0,0,0,1,1,1,1,1,1,PCN,Pitcairn
198,1,0,0,1,0,1,0,0,0,0,0,0,0,0,1,1,0,1,1,1,POL,Poland
199,1,0,0,1,0,1,0,0,0,0,0,0,0,0,1,1,0,1,1,1,PRT,Portugal
200,1,0,0,1,1,1,0,0,0,0,0,0,0,0,1,1,1,1,1,1,PRI,Puerto Rico
201,1,0,0,1,1,1,0,0,0,0,0,0,0,0,1,1,1,1,1,1,QAT,Qatar
203,1,0,1,1,1,1,1,1,0,0,0,0,0,0,1,1,1,1,1,1,ROU,Romania
204,1,0,0,1,1,1,0,0,0,0,0,0,0,0,1,1,1,1,1,1,RUS,Russian Federation
205,1,1,1,1,1,1,1,1,1,1,1,1,1,1,1,1,1,1,1,1,RWA,Rwanda
206,1,0,0,1,1,1,0,0,0,0,0,0,0,0,1,1,1,1,1,1,REU,Réunion
207,1,0,1,1,1,1,1,1,0,0,0,0,0,0,1,1,1,1,1,1,SHN,Saint Helena
208,1,0,0,1,0,1,0,0,0,0,0,0,0,0,1,1,0,1,1,1,KNA,Saint Kitts and Nevis
209,1,0,0,1,0,1,0,0,0,0,0,0,0,0,1,1,0,1,1,1,LCA,Saint Lucia
210,1,0,0,1,0,1,0,0,0,0,0,0,0,0,1,1,0,0,1,1,SPM,Saint Pierre et Miquelon
211,1,0,0,1,1,1,0,0,0,0,0,0,0,0,1,1,1,1,1,1,VCT,Saint Vincent and the Grenadines
212,1,0,0,1,1,1,0,0,0,0,0,0,0,0,1,1,1,1,1,1,WSM,Samoa
213,1,0,0,1,0,1,0,0,0,0,0,0,0,0,1,1,0,1,1,1,SMR,San Marino
214,1,0,1,1,1,1,1,1,0,0,0,0,1,1,1,1,1,1,1,1,STP,Sao Tome and Principe
215,1,0,0,1,1,1,0,0,0,0,0,0,0,0,1,1,1,1,1,1,SAU,Saudi Arabia
216,1,0,0,1,1,1,0,0,0,0,0,0,0,0,1,1,1,1,1,1,XXX,Scarborough Reef
217,1,1,1,1,1,1,1,1,1,1,1,1,1,1,1,1,1,1,1,1,SEN,Senegal
218,1,0,0,1,1,1,0,0,0,0,0,0,0,0,1,1,1,1,1,1,XXX,Senkaku Islands
220,1,1,1,1,1,1,1,1,1,1,1,1,1,1,1,1,1,1,1,1,SYC,Seychelles
221,1,1,1,1,1,1,1,1,1,1,1,1,1,1,1,1,1,1,1,1,SLE,Sierra Leone
222,1,0,1,1,1,1,1,1,0,0,0,0,0,0,1,1,1,1,1,1,SGP,Singapore
223,1,0,0,1,0,1,0,0,0,0,0,0,0,0,1,1,0,1,1,1,SVK,Slovakia
224,1,0,1,1,1,1,1,1,0,0,0,0,0,0,1,1,1,1,1,1,SVN,Slovenia
226,1,1,1,1,1,1,1,1,1,1,1,1,1,1,1,1,1,1,1,1,SOM,Somalia
228,1,0,1,1,1,1,1,1,0,0,0,0,0,0,1,1,1,1,1,1,SGS,South Georgia and the South Sandwich Islands
229,1,0,1,1,0,1,1,1,0,0,0,0,0,0,1,1,0,1,1,1,ESP,Spain
230,1,0,0,1,1,1,0,0,0,0,0,0,0,0,1,1,1,1,1,1,VNM,Spratly Islands
231,1,0,0,1,1,1,0,0,0,0,0,0,0,0,1,1,1,1,1,1,LKA,Sri Lanka
233,1,0,0,1,1,1,0,0,0,0,0,0,0,0,1,1,1,1,1,1,SUR,Suriname
234,1,0,0,1,1,1,0,0,0,0,0,0,0,0,1,1,1,0,1,1,SJM,Svalbard and Jan Mayen Islands
235,1,1,1,1,1,1,1,1,1,1,1,1,1,1,1,1,1,1,1,1,SWZ,Swaziland
236,1,0,0,1,0,1,0,0,0,0,0,0,0,0,1,1,0,1,1,1,SWE,Sweden
237,1,0,0,1,0,1,0,0,0,0,0,0,0,0,1,1,0,1,1,1,CHE,Switzerland
238,1,0,0,1,1,1,0,0,0,0,0,0,0,0,1,1,1,1,1,1,SYR,Syrian Arab Republic
239,1,0,0,1,1,1,0,0,0,0,0,0,0,0,1,1,1,1,1,1,TJK,Tajikistan
240,1,0,0,1,1,1,0,0,0,0,0,0,0,0,1,1,1,1,1,1,THA,Thailand
241,1,0,1,1,0,1,1,1,0,0,0,0,0,0,1,1,0,1,1,1,MKD,The former Yugoslav Republic of Macedonia
242,1,0,0,1,1,1,0,0,0,0,0,0,0,0,1,1,1,1,1,1,TLS,Timor-Leste
243,1,1,1,1,1,1,1,1,1,1,1,1,1,1,1,1,1,1,1,1,TGO,Togo
244,1,0,0,1,0,1,0,0,0,0,0,0,0,0,1,1,0,0,1,1,TKL,Tokelau
245,1,0,0,1,0,1,0,0,0,0,0,0,0,0,1,1,0,0,1,1,TON,Tonga
246,1,0,1,1,0,1,1,1,0,0,0,0,0,0,1,1,0,1,1,1,TTO,Trinidad and Tobago
248,1,0,1,1,0,1,1,1,0,0,0,0,0,0,1,1,0,1,1,1,TUN,Tunisia
249,1,0,0,1,1,1,0,0,0,0,0,0,0,0,1,1,1,1,1,1,TUR,Turkey
250,1,0,0,1,1,1,0,0,0,0,0,0,0,0,1,1,1,1,1,1,TKM,Turkmenistan
251,1,0,0,1,0,1,0,0,0,0,0,0,0,0,1,1,0,1,1,1,TCA,Turks and Caicos islands
252,1,0,0,1,0,1,0,0,0,0,0,0,0,0,1,1,0,0,1,1,TUV,Tuvalu
253,1,1,1,1,1,1,1,1,1,1,1,1,1,1,1,1,1,1,1,1,UGA,Uganda
254,1,0,0,1,0,1,0,0,0,0,0,0,0,0,1,1,0,1,1,1,UKR,Ukraine
255,1,0,0,1,1,1,0,0,0,0,0,0,0,0,1,1,1,1,1,1,ARE,United Arab Emirates
256,1,0,0,1,0,1,0,0,0,0,0,0,0,0,1,1,0,1,1,1,GBR,U.K. of Great Britain and Northern Ireland
257,1,1,1,1,1,1,1,1,1,1,1,1,1,1,1,1,1,1,1,1,TZA,United Republic of Tanzania
258,1,0,0,1,0,1,0,0,0,0,0,0,0,0,1,1,0,1,1,1,VIR,United States Virgin Islands
259,1,0,0,1,1,1,0,0,0,0,0,0,0,0,1,1,1,1,1,1,USA,United States of America
260,1,0,0,1,1,1,0,0,0,0,0,0,0,0,1,1,1,0,1,1,URY,Uruguay
261,1,0,0,1,1,1,0,0,0,0,0,0,0,0,1,1,1,1,1,1,UZB,Uzbekistan
262,1,0,0,1,1,1,0,0,0,0,0,0,0,0,1,1,1,0,1,1,VUT,Vanuatu
263,1,0,0,1,1,1,0,0,0,0,0,0,0,0,1,1,1,1,1,1,VEN,Venezuela
265,1,0,0,1,0,1,0,0,0,0,0,0,0,0,1,1,0,0,1,1,WAK,Wake Island
266,1,0,0,1,0,1,0,0,0,0,0,0,0,0,1,1,0,0,1,1,WLF,Wallis and Futuna
267,1,0,0,1,0,1,0,0,0,0,0,0,0,0,1,1,0,1,1,1,XXX,West Bank
268,1,0,1,1,1,1,1,1,0,0,0,0,0,0,1,1,1,1,1,1,ESH,Western Sahara
269,1,0,0,1,1,1,0,0,0,0,0,0,0,0,1,1,1,1,1,1,YEM,Yemen
270,1,1,1,1,1,1,1,1,1,1,1,1,1,1,1,1,1,1,1,1,ZMB,Zambia
271,1,1,1,1,1,1,1,1,1,1,1,1,1,1,1,1,1,1,1,1,ZWE,Zimbabwe
2647,1,0,0,1,0,1,0,0,0,0,0,0,0,0,1,1,0,1,1,1,MNE,Montenegro
2648,1,0,0,1,0,1,0,0,0,0,0,0,0,0,1,1,0,1,1,1,SRB,Serbia
33364,1,0,0,1,1,1,0,0,0,0,0,0,0,0,1,1,1,1,1,1,HKG,Hong Kong
40763,1,0,0,1,0,1,0,0,0,0,0,0,0,0,1,1,0,1,1,1,CYP,Dhekelia and Akrotiri SBA
40765,1,1,1,1,1,1,1,1,1,1,1,1,0,0,1,1,1,1,1,1,EGY,Egypt
74578,1,0,0,1,0,1,0,0,0,0,0,0,0,0,1,1,0,0,1,1,PRT,Azores Islands
1006344,1,0,0,1,1,1,0,0,0,0,0,0,0,0,1,1,1,1,1,1,MEX,Mexico
1011440,1,0,0,1,1,1,0,0,0,0,0,0,0,0,1,1,1,1,1,1,MMR,Myanmar
1011441,1,0,0,1,1,1,0,0,0,0,0,0,0,0,1,1,1,1,1,1,PNG,Papua New Guinea
1011442,1,0,0,1,1,1,0,0,0,0,0,0,0,0,1,1,1,1,1,1,PER,Peru
1011443,1,0,0,1,1,1,0,0,0,0,0,0,0,0,1,1,1,1,1,1,KOR,"Korea, Republic of"
1011444,1,0,0,1,1,1,0,0,0,0,0,0,0,0,1,1,1,0,1,1,SLB,Solomon Islands
1011446,1,0,0,1,1,1,0,0,0,0,0,0,0,0,1,1,1,1,1,1,AFG,Afghanistan
1011447,1,0,0,1,1,1,0,0,0,0,0,0,0,0,1,1,1,1,1,1,VNM,Viet Nam
1012935,1,0,0,1,1,1,0,0,0,0,0,0,0,0,1,1,1,1,1,1,PAK,Jammu Kashmir
1012936,1,0,0,1,1,1,0,0,0,0,0,0,0,0,1,1,1,1,1,1,IND,Kashmir
1013696,1,0,0,1,1,1,0,0,0,0,0,0,0,0,1,1,1,1,1,1,IDN,Indonesia
1013965,1,1,1,1,1,1,1,1,1,1,1,1,1,1,1,1,1,1,1,1,ZAF,South Africa
